(158, 'Property')
(123, 'ForSale')
(107, 'Residential')
(84, 'Flat')
(76, 'AarushiVerdict')
(70, 'ManUtdLegendTalkDHL')
(69, 'trndnl')
(69, 'ForRent')
(56, 'ह')
(50, 'Land')
(49, 'job')
(49, 'Apartment')
(44, 'ResidentialPlot')
(43, 'Hiring')
(43, 'LiquidFundsSahiHai')
(37, 'Commercial')
(37, 'Mumbai')
(36, 'MASCARADE2017')
(32, 'Bengaluru')
(31, 'CareerArc')
(30, 'Mersal')
(26, 'EmpSuffrering')
(26, 'Chennai')
(26, 'WonderJournal')
(26, '5000')
(26, 'Familes')
(23, 'GUVNLCMPNYCHNG')
(23, 'hiring')
(23, 'IndependentHouse')
(23, 'Bangalore')
(23, 'ActBeforeTheAttack')
(22, 'JamhoriatZindabad')
(21, 'न')
(21, 'Talwars')
(20, 'TweetForASeat')
(20, 'Resi')
(19, 'India')
(19, 'OfficeSpace')
(19, 'Lucknow')
(19, '2BHK')
(17, 'Contest')
(17, 'Job')
(17, 'IT')
(17, '3BHK')
(17, 'Pune')
(17, 'Hyderabad')
(17, 'DigitalGurukulAtManthan')
(16, 'Jobs')
(16, 'ગ')
(16, 'DellJobs')
(16, 'ThursdayThoughts')
(15, 'ज')
(15, 'VijaySethupathi')
(15, 'OruNallaNaalPaathuSolren')
(15, 'Thane')
(15, 'Gujarat')
(14, 'love')
(14, 'म')
(14, 'بےغیرت_الیکشن_کمیشنر')
(14, 'GITEX2017')
(14, 'Aarushi')
(14, 'MutualFund')
(14, 'ब')
(14, 'instagram')
(14, 'NewDelhi')
(14, 'india')
(13, 'क')
(13, 'PanchlaitFirstLook')
(13, 'Diwali')
(13, 'BedKeUpar')
(12, '10on10Fest')
(12, 'Ahmedabad')
(11, 'स')
(11, 'lka')
(11, 'BJP')
(10, '2Bedroom')
(10, 'photography')
(10, 'IncredibleIndia')
(10, 'QandeelBaloch')
(10, 'SriLanka')
(9, 'Sales')
(9, 'kkcity')
(9, 'flowers')
(9, 'AarushiMurderCase')
(9, 'kundasang')
(9, 'sabahtrip')
(9, 'lightroom')
(9, 'potrait')
(9, 'Gurgaon')
(9, 'nikon')
(9, 'travel')
(8, 'Admissions')
(8, 'kdy')
(8, 'ContestAlert')
(8, 'MersalMatchMeter')
(8, 'Odisha')
(8, 'Diwali2017')
(8, 'Engineering')
(8, 'KDY')
(8, 'Kashmir')
(8, 'thalaivaaaaa')
(8, 'DigitalGurukulatManthan')
(8, 'BTS9M')
(7, 'प')
(7, 'PlayTheBeermeister')
(7, 'TRLDolanDares')
(7, 'ThalisOfIndia')
(7, 'Congress')
(7, '3Bedroom')
(7, 'SGSIndia')
(7, 'र')
(7, 'व')
(7, 'RajuGariGadhi2')
(7, 'Pharmaceutical')
(7, 'UHTIsSafe')
(7, 'GreaterNoida')
(7, 'arushi')
(7, 'Kolkata')
(7, 'GlobalStartupChallenge')
(6, 'AC')
(6, 'IshaqDar')
(6, 'Zirakpur')
(6, 'AarushiMurder')
(6, 'NaviMumbai')
(6, 'BlackDay')
(6, 'music')
(6, 'NewShowAlert')
(6, 'Delhi')
(6, 'nasscomBPM')
(6, '1BHK')
(6, 'NandedElectionResults')
(6, 'Multan')
(6, 'ONNPS')
(6, 'Karachi')
(6, 'GST')
(5, 'Bapuji')
(5, 'business')
(5, 'ApolloXManUtd')
(5, 'ड')
(5, 'WonderWoman')
(5, 'TataCLiQ')
(5, 'Visakhapatnam')
(5, 'Pakistan')
(5, 'Allahabad')
(5, 'EARNINGS')
(5, 'MersalDiwali')
(5, 'Vijay')
(5, 'Ashishnehra')
(5, 'Bollywood')
(5, 'BIGOLIVE')
(5, 'त')
(5, 'SKMCH')
(5, 'PayingGuest')
(5, 'SexyBaliye')
(5, 'Nanded')
(5, 'श')
(4, 'JanaRakshaYatra')
(4, 'startups')
(4, 'AgriculturalPlot')
(4, 'BiggBoss11')
(4, 'birthdaywishes')
(4, 'NoAjnabee')
(4, 'Congress_Aave_Che')
(4, 'CustomerService')
(4, 'Comm')
(4, 'FIFAU17WC')
(4, 'Ooty')
(4, 'TransformingIndia')
(4, 'LiveWithLegends')
(4, 'boy')
(4, 'women')
(4, 'FACE2FACE')
(4, 'SC')
(4, 'StrutYourQuirk')
(4, 'Veterans')
(4, 'Punjab')
(4, '4Bedroom')
(4, 'NoidaExtension')
(4, 'SalmanKhan')
(4, 'totaltv')
(4, 'DigitalMarketing')
(4, 'NarendraModi')
(4, 'RSS')
(4, 'MilkGoesShopping')
(4, 'Awfis')
(4, 'blue')
(4, 'PotholeDeathTrap')
(4, 'TalwarsAcquitted')
(4, 'MakkalSelvan')
(4, 'thalisofindia')
(4, 'Jayanagar')
(4, 'MichelJanssen')
(4, 'EN')
(4, 'FTII')
(4, 'WorldSightDay')
(4, 'Newshowalert')
(4, 'fun')
(4, '23rdoctober')
(4, 'Hackathon')
(4, 'SmartCity')
(4, 'HyderabadRains')
(4, 'clouds')
(4, 'ग')
(4, 'Raipur')
(4, 'hyderabad')
(4, 'food')
(4, 'LAatGITEX2017')
(3, 'Indian')
(3, 'foodie')
(3, 'Maharashtra')
(3, 'vijay')
(3, 'STR')
(3, 'BiggBoss')
(3, 'زرداری_ایک_بیماری')
(3, 'news')
(3, 'Assam')
(3, 'BangaloreRain')
(3, 'Firangi')
(3, 'GolmaalAgain')
(3, 'development')
(3, 'Dubai')
(3, 'cricket')
(3, 'China')
(3, 'Finance')
(3, 'ipo')
(3, 'festive')
(3, 'help')
(3, 'Nifty')
(3, 'contest')
(3, 'Trends')
(3, 'ROFL')
(3, 'cloud')
(3, 'singer')
(3, 'TalentHuntRoposo')
(3, 'च')
(3, '5minforme')
(3, 'wedding')
(3, 'Proofhubchat')
(3, 'AarushiTalwar')
(3, 'mumbai')
(3, 'BonusTiharCG')
(3, 'Myanmar')
(3, 'mersal')
(3, 'goa')
(3, 'EkDeewaanaTha')
(3, 'instagood')
(3, 'denguefever')
(3, 'bihar')
(3, 'biharse')
(3, 'Surat')
(3, 'TSL100')
(3, 'StrikeSL')
(3, 'books')
(3, 'PTI')
(3, 'BananaRepublicIndia')
(3, 'MeghnaKiMeethiDiwali')
(3, 'Birthday')
(3, 'RGG2')
(3, '1')
(3, 'SKMCHBCACampaign')
(3, 'OneNationOneTaxOneMarket')
(3, 'Mohali')
(3, 'Kathmandu')
(3, 'quotes')
(3, 'Karnataka')
(3, '10on10fest')
(3, 'FigleafJudiciary')
(3, 'dd2e44')
(3, 'bitcoin')
(3, 'TVByThePeople')
(3, '1Bedroom')
(3, 'Marketing')
(3, 'पट')
(3, 'KfWAwardGründen')
(3, 'vaishali')
(3, 'SocialMedia')
(3, 'भ')
(3, 'Diaries')
(3, 'MyCampusDiwali')
(3, 'ChandiniChowdary')
(3, 'adibatla')
(3, 'life')
(3, 'legend')
(3, 'innovation')
(3, 'Thalapathy')
(3, 'shrutihaasan')
(3, 'Discovery')
(3, 'aarushi')
(3, 'Maayon')
(3, 'Race3')
(3, 'MersalWorldwideOn18Oct')
(3, 'hajipur')
(3, 'मर')
(3, 'rgg2')
(3, 'for')
(3, 'Bhopal')
(3, 'SupportKORT')
(3, 'CongressLowMentality')
(3, 'actbeforetheattack')
(3, 'Zverev')
(3, 'Noida')
(3, 'ThrowbackThursday')
(3, '6Bedroom')
(3, 'Endomondo')
(3, 'conference')
(3, 'ajith')
(3, 'nature')
(3, 'BiggBossTamil')
(3, 'मस')
(3, 'ShaktiKumaarr')
(3, 'people')
(3, 'Prpt')
(3, 'selfie')
(3, 'ShanghaiMasters')
(3, 'TalwarsNotGuilty')
(3, 'VEON')
(3, 'endorphins')
(3, 'Talvars')
(3, 'VIPRoad')
(3, 'FaizabadRoad')
(3, 'wakeupESIC')
(3, 'Bhubaneswar')
(3, 'Web')
(3, 'chennai')
(2, 'picoftheday')
(2, 'PLlive')
(2, '6DaysToGoForMersalDiwali')
(2, 'immigration')
(2, 'bimblegoconsultants')
(2, 'vector')
(2, 'Durbar')
(2, 'Beijing')
(2, 'IIHSin')
(2, 'mountains')
(2, 'richardthaler')
(2, 'Jaipur')
(2, 'holidays')
(2, 'BB11')
(2, 'uttarpradesh')
(2, 'inktober')
(2, 'ArushiVerdict')
(2, 'Whodunnit')
(2, 'Jodhpur')
(2, 'Maintenance')
(2, 'Hoskote')
(2, 'MiMIX2')
(2, 'Lahore')
(2, 'productionsound')
(2, 'MAMI')
(2, '7thPayCommission')
(2, 'Thagarapuvalasa')
(2, 'Finalcutpro')
(2, 'CommercialPlot')
(2, 'வ')
(2, 'LetItGo')
(2, 'agra')
(2, 'Cloud')
(2, 'जज')
(2, 'AdahSharma')
(2, 'thekkady')
(2, 'AHCI2017')
(2, 'Design')
(2, 'toocute')
(2, 'iPhoneX')
(2, 'engineering')
(2, 'Adobepremiere')
(2, 'ಶ')
(2, 'WordPress')
(2, 'BCADayAtSKMCH')
(2, 'Wallpaper')
(2, 'OpenSource')
(2, 'family')
(2, 'gstcouncil')
(2, 'Perambakkam')
(2, 'Repair')
(2, 'Solapur_Universities')
(2, 'Kotagiri')
(2, '12Oct')
(2, 'Nehra')
(2, 'latepost')
(2, 'himachal')
(2, 'MTPapp')
(2, 'agraFort')
(2, 'StudioPepperfry')
(2, 'invisiblebraces')
(2, 'SaveSaraswatiKunj')
(2, 'सम')
(2, 'க')
(2, 'Nepal')
(2, 'मन')
(2, 'Gamdevi')
(2, 'HowrahBridge')
(2, '다녀오다')
(2, 'Nashik')
(2, 'EL')
(2, 'Weinstein')
(2, 'colour')
(2, 'TFCComedy')
(2, 'convert')
(2, 'Holiday')
(2, 'RGG2OnOct13')
(2, 'mogol')
(2, 'GurmeetRamRahim')
(2, 'UNESCO')
(2, 'HRMS')
(2, 'MujheKyunNIkala')
(2, 'higherstudies')
(2, 'ShivajiNagar')
(2, 'Ghana')
(2, 'OommenChandy')
(2, 'Adhirindhi')
(2, 'jehadis')
(2, 'PrahladNagar')
(2, 'live')
(2, 'INDvAUS')
(2, 'iPhone')
(2, 'traveling')
(2, 'WasteManagement')
(2, 'trip')
(2, 'Islamic')
(2, 'RahulGandhi')
(2, 'event')
(2, 'Ola')
(2, 'ForeverArsenal')
(2, 'diwali')
(2, 'instaclick')
(2, 'Engineer')
(2, 'band')
(2, 'JiaOJia')
(2, 'design')
(2, 'talvar')
(2, 'houris')
(2, 'CleanIndia')
(2, 'Verna')
(2, 'Sector16C')
(2, 'MagnumParty17')
(2, 'AirBerlin')
(2, 'DJ')
(2, 'Rain')
(2, 'Garud')
(2, 'service')
(2, 'PMC')
(2, 'redfort')
(2, 'Life')
(2, 'misty')
(2, 'Australia')
(2, 'Seawoods')
(2, 'ச')
(2, 'KolkataGoalz')
(2, 'nepal')
(2, 'NUEVO')
(2, 'NUSH')
(2, 'nofilter')
(2, 'vectortrace')
(2, 'Montessori')
(2, 'highcourt')
(2, 'Sismo')
(2, 'Mysore')
(2, 'overseaseducation')
(2, 'SLCustoms')
(2, 'hrishikeshphotography')
(2, 'unesco')
(2, 'APN')
(2, 'ThinkPink')
(2, 'इर')
(2, 'अपन')
(2, 'LailaAliKhan')
(2, 'SDG17')
(2, 'sky')
(2, 'ShaadiMeinZaroorAana')
(2, 'PatheticService')
(2, 'IoT')
(2, 'Love')
(2, 'ம')
(2, 'traveldiaries')
(2, 'IllicitTrade')
(2, 'Blockchain')
(2, 'BlackCoffee')
(2, 'Ericsson')
(2, 'EsicUdc')
(2, 'mf')
(2, 'Festival')
(2, 'SaaS')
(2, 'Hemraj')
(2, 'actor')
(2, 'હ')
(2, 'Rights')
(2, 'NationalDay')
(2, 'RohingyaMuslims')
(2, 'vectorize')
(2, 'Banking')
(2, 'MakeInIndia')
(2, 'YTFF')
(2, 'PR')
(2, 'l4l')
(2, 'programming')
(2, 'Festiwal')
(2, 'Substation')
(2, 'NEWS')
(2, 'style')
(2, 'Uber')
(2, 'everynewborn')
(2, 'vectorwork')
(2, 'Mersalmatchmeter')
(2, 'firecrackersban')
(2, 'मह')
(2, 'KEGoa')
(2, 'InFocusDelightfulDiwali')
(2, 'Ramco')
(2, 'instago')
(2, 'lifeinism')
(2, 'Chandigarh')
(2, 'badalgarh')
(2, 'TilakNagar')
(2, 'MadhyaPradesh')
(2, 'postproduction')
(2, 'roadtrip')
(2, 'tracing')
(2, 'NehraJi')
(2, 'likeback')
(2, 'illicit')
(2, 'forest')
(2, 'MusicVideo')
(2, 'ध')
(2, 'AdivasiVirodhiBJP')
(2, 'goals')
(2, 'LKA')
(2, 'Groove')
(2, 'Japan')
(2, 'invisalign')
(2, 'cclt10')
(2, 'indian')
(2, 'DayoftheGirl')
(2, 'MainPowerTransformer')
(2, 'MissDiva2017')
(2, 'MontereyPop')
(2, 'fashion')
(2, 'Worlds2017')
(2, 'ट')
(2, 'MyRightToBreathe')
(2, 'foodporn')
(2, 'maternal')
(2, 'TwitterStatus')
(2, 'digital')
(2, 'HappyBirthdayHarshitaGaur')
(2, 'EDT')
(2, 'शब')
(2, 'Nainital')
(2, 'RajmataVijayarajeScindia')
(2, 'CongressKiGandiSoch')
(2, 'Naamkarann')
(2, 'WindCorridor')
(2, 'Koraput')
(2, 'nifty')
(2, '다오')
(2, 'liking')
(2, 'investment')
(2, 'mountain')
(2, 'dannybee4')
(2, 'Manesar')
(2, 'unemployedloans')
(2, 'TellyTopUp')
(2, 'Youth_Festival')
(2, 'courses')
(2, 'Malaysia')
(2, 'Alwar')
(2, 'TheApprentice')
(2, 'Superior')
(2, 'NISAedu')
(2, 'FirangiMotionPoster')
(2, 'beautiful')
(2, 'vsco')
(2, 'Business')
(2, '7daystogo')
(2, 'HappyBirthday')
(2, 'AlphaNdim')
(2, 'WhatsApp')
(2, 'KhokaBhai')
(2, 'Indianfootball')
(2, 'yqdidi')
(2, 'Service')
(2, 'Diwaliwith99')
(2, 'crackerban')
(2, 'Neemrana')
(2, 'Tourism')
(2, 'Lufthansa')
(2, 'Canada')
(2, 'JayShah')
(2, 'ootd')
(2, 'terrorists')
(2, 'MTVExtraDose')
(2, 'Rohingya')
(2, 'pakistan')
(2, 'ManUtd')
(2, 'GomtiNagarExtn')
(2, 'AskSushmaSwaraj')
(2, 'SEO')
(2, 'Biz4LGBTI')
(2, 'vectorart')
(2, 'happinessishere')
(2, 'Quake')
(2, 'ivolunteerawards')
(2, 'Sikh')
(2, 'education')
(2, 'me')
(2, 'Padmavati')
(2, 'TamilNadu')
(2, 'Technology')
(2, 'Bhiwandi')
(2, 'BCCI')
(2, 'Kharar')
(2, 'VIAJE')
(2, 'Citibank')
(2, 'socialenvy')
(2, 'FifaU17WorldCup')
(2, '5BHK')
(2, 'preschool')
(2, 'Bigc')
(2, 'Amlidih')
(2, 'ForresterWave')
(2, 'OviyaArmy')
(2, 'editing')
(2, 'ArushiMurderCase')
(2, 'Indore')
(2, 'TereMereReprise')
(2, 'ContestDay')
(2, 'Feluda')
(2, 'Alwarpet')
(2, 'Repost')
(2, 'children')
(2, 'Training')
(2, 'MaharaniBagh')
(2, 'EffectiveCommunications')
(2, 'Healthcare')
(2, 'Gandhi')
(2, 'onlinetraining')
(2, 'earthquake')
(2, 'tshirts')
(2, 'MilindSoman')
(2, 'Chanakyapuri')
(2, 'mobileapp')
(2, 'Governance')
(2, 'Majiwada')
(2, 'instadaily')
(2, '23rd')
(2, 'song')
(2, 'WINK')
(2, 'Nayanthara')
(2, 'studyabroad')
(2, 'poorcustomerservice')
(2, 'soubin')
(2, 'KhushiyonKiMarathon')
(2, 'page3')
(2, 'cloudporn')
(2, 'Fashion')
(2, 'travelgram')
(2, 'AskPires')
(2, 'Arushi')
(2, 'Meditation')
(2, 'GolfCourseRoad')
(2, 'AIFWSS18')
(2, 'fb')
(2, 'Spyder')
(2, 'ANO')
(2, 'ParentingFeminists')
(2, 'blogpost')
(2, 'JaniTeraNaa')
(2, 'Vadodara')
(2, 'INDIA')
(2, 'مفرورخان')
(2, 'AAMJANTA')
(2, 'CorruptIndia')
(2, 'gorgeous')
(2, 'Patiala')
(2, 'HealthyLiving')
(2, 'لیبریا')
(2, 'HomeOfBlockbusters')
(2, 'RahulRavindran')
(2, 'Palakkad')
(2, 'GujaratGauravYatra')
(2, 'picture')
(2, 'Amazon')
(2, 'travelphotography')
(2, 'art')
(2, 'talwar')
(2, 'MissDivaFinale')
(2, 'SarithaSNair')
(1, 'TheWire')
(1, 'burnitup')
(1, 'Programming')
(1, 'BetaBachao')
(1, 'SectorOmicron')
(1, 'National')
(1, 'Waghbil')
(1, 'Paedophile')
(1, 'arte')
(1, 'Wow')
(1, 'photoshopwork')
(1, 'DeanAmbrose')
(1, 'GMmustard')
(1, 'DDNational')
(1, 'overstimulation')
(1, 'beauty')
(1, 'PisangPeak')
(1, 'Selfi')
(1, 'MegaPowerStar')
(1, 'wonderfull')
(1, 'FullChargeMaadi')
(1, 'girlpower')
(1, 'walnut')
(1, 'YahooCricketApp')
(1, 'Naturally')
(1, 'stress')
(1, 'Photographers')
(1, 'Reflections')
(1, 'takeaway')
(1, 'musiccomposing')
(1, 'unethical')
(1, 'WSuite')
(1, 'Biography')
(1, 'Economy')
(1, 'जय_प')
(1, 'ootdindia')
(1, 'SeT')
(1, 'Mother')
(1, 'grunge')
(1, 'IndraNegendra')
(1, 'her')
(1, 'realestate')
(1, 'salonimudgal')
(1, 'LadliShikshaParv')
(1, 'technology')
(1, 'incredibleindia')
(1, 'boat')
(1, 'AkshyaMohanty')
(1, 'Thai')
(1, 'Teachers')
(1, 'Advertising')
(1, '2019')
(1, 'Sunday')
(1, 'buses')
(1, 'Dhony')
(1, 'ISeaDC')
(1, 'Fake')
(1, 'MyKindOfDiwali')
(1, 'instabagladesh')
(1, 'RanjiTrophy2017')
(1, 'HimachalPradesh')
(1, 'PrettyInPink')
(1, 'Shivsena')
(1, 'THALAPATHY')
(1, 'huaweip10')
(1, 'MissheardLyrics')
(1, 'Julie2')
(1, 'LouisVuitton')
(1, 'RohingyaCrisis')
(1, 'میلان')
(1, 'BTS9MILLION')
(1, 'thursday')
(1, 'BruceLee')
(1, 'HappyDiwaliCleaning')
(1, 'Facebook')
(1, 'MrRobot')
(1, 'law')
(1, 'colddrink')
(1, 'BSCY3')
(1, 'Thrissur')
(1, 'badges')
(1, 'uni')
(1, 'orientation')
(1, 'Java')
(1, 'supremecourt')
(1, 'بلخ')
(1, 'Kakanady')
(1, 'ఎమ')
(1, 'instashoot')
(1, 'PK10')
(1, 'rammanoharlohiya')
(1, 'kantipur')
(1, 'feedfeed')
(1, 'EveryOneDontPrefer')
(1, 'janasenaparty')
(1, 'IndianArmy')
(1, 'foodography')
(1, 'Delpo')
(1, 'Dehradun')
(1, 'raw')
(1, 'Mahamandir')
(1, 'pera')
(1, 'WorldHomelessDay')
(1, 'Lavale')
(1, 'GST_न')
(1, 'NoParking')
(1, 'Illicittrade')
(1, 'volcano')
(1, 'BandraWest')
(1, 'Sanjaydutt')
(1, 'inktober2017')
(1, 'Edappadi')
(1, 'repairs')
(1, 'Skardu')
(1, 'igersindia')
(1, 'elsueño')
(1, 'concentration')
(1, 'Happy75thBirthdayABSir')
(1, 'Lavakusa')
(1, 'tehrigharwal')
(1, 'hmrd')
(1, 'drums')
(1, 'CricketCoaching')
(1, 'BetiBachaoBetiPadhao')
(1, 'malappuram')
(1, 'Ozar')
(1, 'IOT')
(1, 'BangaloreBlogger')
(1, 'photographers')
(1, 'BattleShoes')
(1, 'flood2017')
(1, 'waterstream')
(1, 'MehreenAbid')
(1, 'bacardinh7weekender')
(1, 'spicyfood')
(1, 'Rumi')
(1, 'eyes')
(1, 'TOUR2017')
(1, 'MotoM')
(1, 'वन')
(1, 'instafun')
(1, 'blogging')
(1, 'BREAKING')
(1, 'monument')
(1, 'Wagholi')
(1, 'bb11')
(1, 'VITS')
(1, 'ysjagan')
(1, 'weekendvibes')
(1, 'crimepartner')
(1, 'telangana')
(1, 'High5')
(1, 'meeting')
(1, 'RTEAct')
(1, 'Rensta')
(1, 'noProperResponse')
(1, '1718')
(1, 'ethnicwear')
(1, 'youngbro')
(1, 'WhatsUp')
(1, 'Nurani')
(1, 'stillbirth')
(1, 'hivhaschanged')
(1, 'brass')
(1, 'SSCP')
(1, 'Art')
(1, 'RanbirKapoor')
(1, 'Students')
(1, 'IncreasedTraffic')
(1, 'CyberAware')
(1, 'bapuji')
(1, 'AirtelVoLTECalling')
(1, 'Watch')
(1, 'जयह')
(1, 'yourRights')
(1, 'NMC')
(1, '50व')
(1, 'MalaikaArora')
(1, 'FranchiseIndia2017')
(1, 'TuHaiMeraSunday')
(1, 'YOUrock')
(1, 'cutenessoverload')
(1, 'modi')
(1, 'petestuned')
(1, 'MannKaur')
(1, 'ITA2017')
(1, 'ConTurds')
(1, 'NupurTalwar')
(1, 'igerscalicut')
(1, 'weddingdress')
(1, 'Score')
(1, 'PayCommision')
(1, 'gettyimages')
(1, 'YakeenKaSafar')
(1, 'KalyanShilphataRoad')
(1, 'burqas')
(1, 'thankyou')
(1, 'Shimla')
(1, 'Wikwemikong')
(1, 'CopperIndia')
(1, 'travelpeacefulpakistan')
(1, 'PlayTheBeerMeister')
(1, 'faith')
(1, 'hearted')
(1, 'Year')
(1, 'research')
(1, 'childsexualabuse')
(1, 'self')
(1, 'GoKP')
(1, 'Pinkathon')
(1, 'hampitourism')
(1, 'Crazy')
(1, 'BestManagedSociety')
(1, 'MakeItReal')
(1, 'आ')
(1, 'CrackersBan')
(1, 'RTW')
(1, 'power')
(1, 'HIV')
(1, 'sister')
(1, 'Manipur')
(1, 'DDMetro')
(1, 'Sector4')
(1, 'Kadthal')
(1, 'Arushi_murderCase')
(1, 'ப')
(1, 'झ')
(1, 'ChinaOpen')
(1, 'Hot')
(1, 'vickymania')
(1, 'pride')
(1, 'kathmandu')
(1, 'mandi')
(1, 'JusticeLeague')
(1, 'Panthers')
(1, 'IndianEconomy')
(1, 'badair')
(1, 'Blog')
(1, 'pappu')
(1, 'myranchidiareis')
(1, 'Aircon2017')
(1, 'Raazi')
(1, 'HBDSuja')
(1, 'Parenting')
(1, 'womenworldchangers17')
(1, 'medicaldevice')
(1, 'NewIndia')
(1, 'happybirthdayharshitagaur')
(1, 'BeReadyVehicle')
(1, 'MayakkamEnna')
(1, 'FIFAU17')
(1, 'Beach')
(1, 'startup')
(1, 'CPEC')
(1, 'कब')
(1, 'SeniorDesignations')
(1, 'flights')
(1, 'winchstation')
(1, 'LessonsLearned')
(1, 'sunset')
(1, 'nipli')
(1, '3wm')
(1, 'Him')
(1, 'professional')
(1, 'cinematography')
(1, 'Kalina')
(1, 'MovieReview')
(1, 'SnapChat')
(1, 'JammuAndKashmir')
(1, 'djrimi')
(1, 'Murud')
(1, 'SME')
(1, 'Artists')
(1, 'PMIPBA')
(1, 'child')
(1, '12octFiestaNacional')
(1, 'T20Is')
(1, 'PurposeTour')
(1, 'LakshmisNTR')
(1, 'HolyCow')
(1, 'yqbaba')
(1, 'summer')
(1, 'सफल')
(1, 'CGCJhanjeri')
(1, 'yoga')
(1, 'Balkum')
(1, 'Waymo')
(1, 'rain')
(1, 'InfantryRoad')
(1, 'beach')
(1, 'plsAnswer')
(1, 'StepwellCafe')
(1, 'verynice')
(1, 'Amazin')
(1, 'digitalpainting')
(1, 'ShaadiMeinJaroorAana')
(1, 'Amit_ji')
(1, '1Million')
(1, 'Neruda')
(1, 'પણ_હ')
(1, 'Achutapuram')
(1, 'Interior_designer')
(1, 'periyartigerreserve')
(1, 'Nellore')
(1, 'LegendsOfTomorrow')
(1, 'flower')
(1, 'vinujoseph')
(1, 'Amaravati')
(1, 'studylamps')
(1, 'HeyJude')
(1, 'INCEDENTS')
(1, 'मत')
(1, 'madyan')
(1, 'theganeshtalkies')
(1, 'Summons')
(1, 'Destinations')
(1, 'CoffeeTime')
(1, 'yangon')
(1, 'YalaPeak')
(1, 'atchutahpuram')
(1, 'Kuwait')
(1, 'cleaneating')
(1, 'FollowTrafficRules')
(1, 'CupLaunch')
(1, 'shrutihassan')
(1, 'Store')
(1, 'Logan')
(1, 'Baramula')
(1, 'BANvsSA')
(1, 'milkgoesshopping')
(1, 'Adibatla')
(1, 'CFC')
(1, 'yetiairlines')
(1, 'ख')
(1, 'UAE')
(1, 'coolquotes')
(1, 'Vivekam')
(1, 'sexcrimes')
(1, 'theri')
(1, 'pavankalyan')
(1, 'Polo')
(1, 'instadailypic')
(1, 'lifestylechallenge')
(1, 'funniesttweets')
(1, 'plastic')
(1, 'Nagpur')
(1, 'May2012')
(1, 'Robotics')
(1, 'Vidisha')
(1, 'straightpiped')
(1, 'Vishal')
(1, 'goats')
(1, 'tracking')
(1, 'Bajirao')
(1, 'Career')
(1, 'EMAIL')
(1, 'Kusom')
(1, 'catsanddogs')
(1, 'HbdAkshara')
(1, 'yes')
(1, 'girlchildmarriages')
(1, 'PizzaLove')
(1, 'preschoolers')
(1, 'SwachhBharatAbhiyan')
(1, 'motorcycles')
(1, 'Kothavalasa')
(1, 'Playoffs')
(1, 'Genius')
(1, 'European')
(1, 'blooddonor')
(1, 'worldcupfever')
(1, 'kethireddy')
(1, 'DCStore')
(1, 'beautyqueen')
(1, 'likes')
(1, 'MunicipalElections')
(1, 'HT')
(1, 'professionals')
(1, 'madurai')
(1, 'ladies')
(1, 'recipe')
(1, '2k17')
(1, 'indiatourism')
(1, 'CONGRATULATIONS')
(1, 'book')
(1, 'Christmas')
(1, 'talwarnotguilty')
(1, 'बढ')
(1, 'Kidsofinstagram')
(1, 'samsungalaxys7')
(1, 'wilderness')
(1, 'brand')
(1, 'coxbazar')
(1, 'JaiLavaKusa')
(1, 'growbeard')
(1, 'Sejbahar')
(1, 'AzamTariq')
(1, '8yrsold')
(1, 'BrothersLove')
(1, 'VernaModified')
(1, 'ComingUp')
(1, 'ath')
(1, 'ModifiedVernaFluidic')
(1, 'fifau17')
(1, 'PepperfryXGoodhomes')
(1, 'اقبال')
(1, 'Interviewer')
(1, 'Aramm')
(1, 'ElectronicCity')
(1, 'Graduation_Party_Dairies')
(1, 'DwarkaExpressway')
(1, 'arthritis')
(1, 'Warehouse')
(1, 'teach4life')
(1, 'MPTourism')
(1, 'bluesky')
(1, 'Election')
(1, 'solarscam')
(1, 'tnwtravels')
(1, 'Hydcomiccon')
(1, 'bengaluru')
(1, 'wmk')
(1, 'investments')
(1, 'bambooindia')
(1, 'safe')
(1, 'AliaBhattIsMySoul')
(1, 'ArushiMurder')
(1, 'traveldiary')
(1, 'heritage')
(1, 'gaandu_airtel')
(1, 'HappyBirthdaySneha')
(1, 'Whitefield')
(1, 'telephony')
(1, 'BestIndiaAct')
(1, 'worldsightday2017')
(1, 'Janakampet')
(1, 'dialoguesoninterfaith')
(1, 'goodbye')
(1, 'Yelahanka')
(1, 'BurnsDay')
(1, 'Baner')
(1, 'M6')
(1, 'trade')
(1, 'PM')
(1, 'Aldona')
(1, 'helpinghands')
(1, 'UttamNagar')
(1, 'NamakHarami')
(1, 'Makeover')
(1, 'JhimmikiKamal')
(1, 'KaliYuge')
(1, 'mystronggirls')
(1, 'Kuzhivelippady')
(1, 'Aviation')
(1, 'Muslims')
(1, 'WednesdayWisdom')
(1, 'Happy75thBirthday')
(1, 'Freedemoclass')
(1, 'joycemeyerbook')
(1, 'srilanka')
(1, 'Disgustingservice')
(1, 'Exposure')
(1, 'EmbracingNorthEast')
(1, 'SensationalBlockBuster')
(1, 'Kalahandi')
(1, 'UP100')
(1, 'wood')
(1, 'SaratBoseAcademy')
(1, 'scrollbackchairs')
(1, 'Brezza')
(1, 'WCBhopal')
(1, 'card')
(1, 'Optimist')
(1, 'dreamofranchidiares')
(1, 'beef')
(1, 'Dinesh')
(1, 'catsgram')
(1, 'parviuppal')
(1, 'Aran')
(1, 'RPDRS10')
(1, 'admin')
(1, 'TheReadablePost')
(1, 'artist')
(1, 'birds')
(1, 'EmployeeScreening')
(1, 'Movies')
(1, 'Industrial')
(1, 'Help')
(1, 'HugestFan')
(1, 'Brian')
(1, 'guwahati2017')
(1, 'GomtiNagar')
(1, 'Photography')
(1, 'promisdtoself')
(1, 'rohitkumartrivedirkt')
(1, 'heart')
(1, '3gen')
(1, 'Sector63')
(1, 'trainstrike')
(1, 'competitive')
(1, 'missingyou')
(1, 'Candid')
(1, 'aintthisamystery')
(1, 'ட')
(1, 'kashmiri')
(1, 'match')
(1, 'ManUvsLiv')
(1, 'BTSCOUNTDOWN')
(1, 'degraded')
(1, 'Earnings')
(1, 'Davanagere')
(1, 'YeshwantNiwasRoad')
(1, 'partypeople')
(1, 'Vietnam')
(1, 'nehra64')
(1, 'Traffic')
(1, 'retouching')
(1, 'Dakamarri')
(1, 'ootdwomen')
(1, 'Nikon')
(1, 'MNDIR')
(1, 'junagadh')
(1, 'monthofservice2016')
(1, 'StartSIP')
(1, 'UdyogViharPhaseV')
(1, 'IK')
(1, 'Esplanade')
(1, 'Happiness')
(1, 'COAS_Pak')
(1, 'dirtydiesel')
(1, 'NewThought')
(1, 'bus')
(1, 'WhatAmma')
(1, 'Nizamabad')
(1, 'Garden')
(1, 'Rathnapura')
(1, 'Aadhar')
(1, 'VikasGoingCrazy')
(1, 'Bearded')
(1, 'NagramRoad')
(1, 'human')
(1, 'thedapperedman')
(1, 'ygohel18')
(1, 'BarakhambaRoad')
(1, 'Care')
(1, 'Chaina')
(1, 'xXxReturnOfXanderCage')
(1, 'Mate10')
(1, 'Adwords')
(1, 'Jaflong')
(1, 'stayclassystayreal')
(1, 'grtjewellers')
(1, 'farmhouse')
(1, 'BoringDiwali')
(1, 'revengeporn')
(1, 'AIFW')
(1, 'traffic')
(1, 'Malkangiri')
(1, 'gift')
(1, 'greygoosenights')
(1, 'SamkitGroup')
(1, 'Denmark')
(1, 'sl')
(1, 'actresssneha')
(1, 'Fluidic')
(1, 'Vembakkam')
(1, 'NGOBColony')
(1, 'Mangalore')
(1, 'ઈચ')
(1, 'Beard')
(1, 'Mumbra')
(1, 'DREAMS')
(1, 'thetravellove')
(1, 'harleydavidson')
(1, 'EmergEisBack')
(1, 'MissUniverse')
(1, 'remo')
(1, 'Corporation')
(1, 'BijuMenon')
(1, 'Worldwide')
(1, '33787911')
(1, 'festivesarees')
(1, 'horrible')
(1, 'Kanchipuram')
(1, 'Potholuru')
(1, 'SubhashChaudhary')
(1, 'inkdrawing')
(1, 'ChefMeghna')
(1, 'Manpada')
(1, 'Q2')
(1, 'nobeared')
(1, 'travelling')
(1, 'Nigoha')
(1, 'هلمند')
(1, 'farmersmarket')
(1, 'Stocks')
(1, 'Punjabi')
(1, 'JioPagla')
(1, 'KUV100')
(1, 'coluring')
(1, 'ஓப')
(1, 'bridge')
(1, 'PotholeBhagya')
(1, 'joyful')
(1, 'Countries')
(1, 'ЗадКулисите')
(1, 'IndvAus')
(1, 'Children')
(1, 'bestfallever')
(1, 'bpi')
(1, 'IncreasedBrand')
(1, 'kotakbank')
(1, 'everydaydhaka')
(1, '여행스타그램')
(1, 'ConnaughtPlace')
(1, 'homedelivery')
(1, 'nikonphotography')
(1, 'Kochi')
(1, 'LawCommission')
(1, 'HTML5')
(1, 'Cricket')
(1, 'BillionairesClub')
(1, 'FBOs')
(1, 'Datia')
(1, 'BJPKaVadra')
(1, 'GROWORLDWIDE')
(1, 'Developer')
(1, 'JiaAurJia')
(1, 'themovement')
(1, 'ohiya')
(1, 'Amritsar')
(1, 'task')
(1, 'RTGonOct18th')
(1, 'liker')
(1, 'Message')
(1, 'niecesbday')
(1, 'INAINMILITARYOPERATION')
(1, 'Developers')
(1, 'PhonePe')
(1, 'तलव')
(1, 'DunyaNews')
(1, 'उद')
(1, 'Bankok')
(1, 'tehrijheel')
(1, 'Composer')
(1, 'shilpashinde')
(1, 'LifeisBeautiful')
(1, 'Caption')
(1, 'greentea')
(1, 'RangeRover')
(1, 'Recycle')
(1, 'politicallymotivated')
(1, 'work')
(1, 'maekai')
(1, 'Composting')
(1, 'ShivSena')
(1, 'Sri')
(1, 'Baramati')
(1, 'VoteNow')
(1, 'pretty')
(1, 'Mitvaa')
(1, 'BusinessStrategies')
(1, 'FITFORGROWTH')
(1, 'swimming')
(1, 'lovely')
(1, 'Unique')
(1, 'solidwastemanagement')
(1, 'BirthdaySpecial')
(1, 'wronglyinspired')
(1, 'आत')
(1, 'Professional')
(1, 'WomenInTheWorkplace')
(1, 'Derasachasauda')
(1, '32GB')
(1, 'actress')
(1, 'VasantVihar')
(1, 'LovelyConcept')
(1, 'Jatkhedi')
(1, 'fitfam')
(1, 'feminina')
(1, 'Sneha')
(1, 'Modi')
(1, 'Talwarsacquitted')
(1, 'ShameOnSamaaNews')
(1, 'delhipollution')
(1, 'Whycopper')
(1, 'God')
(1, 'NewProfilePic')
(1, 'Believe')
(1, 'ForestRightsAct')
(1, 'RPF')
(1, 'seotraining')
(1, 'Astrology')
(1, 'PrinceAnwarShahRoad')
(1, 'dhakacity')
(1, 'newageoftravel')
(1, 'HIVAIDS')
(1, 'पगल')
(1, 'YouthAdvocacyInstitute')
(1, 'AnnapurnaBaseTrek')
(1, 'Mysuru')
(1, 'bathroomsinger')
(1, 'sea')
(1, 'retreat')
(1, 'Latur')
(1, 'BraidChopping')
(1, 'Trisha')
(1, 'doorstep')
(1, 'Sharif')
(1, 'spiritualthought')
(1, 'DighvijayNews')
(1, 'OruNallaNaalPathuSolren')
(1, 'KamalinVikatan')
(1, 'sustainablefashion')
(1, 'Metal')
(1, 'graphictees')
(1, 'Swift')
(1, 'likeall')
(1, 'composing')
(1, 'Aerocity')
(1, 'ambaji')
(1, 'TrafficRamaswamy')
(1, 'TVShows')
(1, 'HappyDiwali')
(1, 'bollywood')
(1, 'Improvement')
(1, 'TentPeak')
(1, 'Legend')
(1, 'छ')
(1, 'Audio')
(1, 'cybercrime')
(1, 'kabaddi')
(1, 'stylestride')
(1, 'no')
(1, 'vibes')
(1, 'EKDiyaJasdeepKe')
(1, 'GandhiJayanti')
(1, 'deals')
(1, 'jungle')
(1, 'IndoreTalk')
(1, 'SoniaGandhi')
(1, 'BeTrulyFree')
(1, 'intimate')
(1, 'Annadurai')
(1, 'Purchasing')
(1, 'TechWebinar')
(1, 'ProjectMgmt')
(1, 'hepatitis')
(1, 'البحرين')
(1, 'Sector')
(1, 'EndChildLaubor')
(1, 'Granada')
(1, 'bespoke')
(1, 'Disabilities')
(1, 'SecretSuperstar')
(1, 'GautamRode')
(1, 'diwalisale')
(1, 'Amma')
(1, 'bjp')
(1, 'MakersOfIndia')
(1, 'GirlsTakeover')
(1, 'CycleRally')
(1, 'makeupswag')
(1, 'css')
(1, 'NepotismOfSocialMedia')
(1, 'Issue')
(1, 'risk')
(1, 'Nush')
(1, 'cornitos')
(1, 'trailer')
(1, 'Dimwits')
(1, 'justwhatisneeded')
(1, 'WomenEmpowerment')
(1, 'SmartWorld')
(1, 'writing')
(1, 'fog')
(1, 'sound')
(1, 'TRLDolanDare')
(1, 'Kumarpur')
(1, 'Karan_Luthra')
(1, 'mobileapps')
(1, 'Suffering')
(1, 'makeupartist')
(1, 'ThaneWest')
(1, 'Moodalapalya')
(1, 'और')
(1, 'BloodDonor')
(1, 'DelhiMetro')
(1, 'humour')
(1, 'Patna')
(1, 'Designers')
(1, 'KuchhBhiHoSaktaHai')
(1, 'team')
(1, 'chiefminister')
(1, 'actordiaries')
(1, '6DaysToGoForMersalDeepvali')
(1, 'Modeling')
(1, 'Unanswered')
(1, 'Hosting')
(1, 'healthyornot')
(1, 'Philippines')
(1, 'SSA')
(1, 'Homemade')
(1, 'Sketch')
(1, 'JhimikkiKammal')
(1, 'Steam')
(1, 'RallyForRivers')
(1, 'cycling')
(1, 'घर')
(1, 'SpiderManHomecoming')
(1, 'BunkinBanu')
(1, 'CrackerFreeDiwali')
(1, 'security')
(1, 'Municipal')
(1, 'BreastCancer')
(1, 'Vadivelu')
(1, 'PlasticFree')
(1, 'bollywoodfilm')
(1, 'CoupeRoger')
(1, 'पत')
(1, 'New')
(1, 'Investing')
(1, 'mtvema')
(1, 'JavaScript')
(1, 'UKnowWho')
(1, 'Interaction')
(1, 'datun')
(1, 'BuamdongRevengeSocialClub')
(1, 'OmBaba')
(1, 'Bahailotustemple')
(1, 'samsungmobileindia')
(1, 'buffet')
(1, 'newjob')
(1, 'GoGreen')
(1, 'Bus1Baba')
(1, 'BIGBOSS11')
(1, 'Jabalpur')
(1, 'ShaktiKhand3')
(1, 'WhoKilledAarushi')
(1, 'ORBITITHR')
(1, 'green')
(1, 'etihad')
(1, 'luxarybudgettask')
(1, 'institute')
(1, 'ArsenalinBengaluru')
(1, 'Legends')
(1, 'HarishMukherjeeRoad')
(1, 'Tamil')
(1, 'annapurna')
(1, 'girlies')
(1, 'punjabisong')
(1, 'SpyGadget')
(1, 'ThisDiwali')
(1, 'SupremeCourt')
(1, 'CSCLeaders')
(1, 'kamaayurveda')
(1, 'asadowaisi')
(1, 'JioDhanDhanaOffer')
(1, 'GlobalGoals')
(1, 'paiste')
(1, 'D850')
(1, 'Actress')
(1, 'BhujangdevCircle')
(1, 'Salute')
(1, 'naturephotography')
(1, 'womenstyle')
(1, 'Contradictions')
(1, 'takemeback')
(1, 'agile')
(1, 'integrated')
(1, 'thanks')
(1, 'sakshi')
(1, 'NNPillai')
(1, 'Proteins')
(1, 'bucketlist')
(1, 'NandedWagha')
(1, 'Airport')
(1, 'Showroom')
(1, 'eSmart')
(1, 'busyweek')
(1, 'ISHHI2017')
(1, 'NTRBiopic')
(1, 'Pratyaksha')
(1, 'ranjitrophy')
(1, 'Kirraak')
(1, 'womenintabletop')
(1, 'SAvBAN')
(1, 'newcollection')
(1, 'antara')
(1, 'JhelumExpress')
(1, 'International')
(1, 'Oct12')
(1, 'goodhairdo')
(1, '6YearsLoyalCustomer')
(1, 'Hadapsar')
(1, 'TFPC')
(1, 'BLTN')
(1, 'MohanlalGanj')
(1, 'sikkim')
(1, 'tfl')
(1, 'Tutorial')
(1, 'VividhBharati')
(1, 'ArtisanAcademy')
(1, 'VrindavanColony')
(1, 'Company')
(1, 'PRETTYGIRLS')
(1, 'DemocracyInDarkness')
(1, 'रक')
(1, 'LipSync')
(1, 'Birma')
(1, 'FitnessFlavour')
(1, 'instafresh')
(1, 'Bilhari')
(1, 'AllSizes')
(1, 'european')
(1, 'Discounts')
(1, 'VeeraDesaiChowk')
(1, 'Entertain')
(1, 'CyberAttack')
(1, 'gig')
(1, 'SDGs')
(1, 'Season30')
(1, 'Raisen')
(1, 'names')
(1, 'LTP')
(1, 'MustRead')
(1, 'canoneos')
(1, 'KPK')
(1, 'SelfDefence')
(1, 'Arakonam')
(1, 'ലവക')
(1, 'Brunch')
(1, 'AkshayeKhanna')
(1, 'victoriamemorial')
(1, 'FanMade')
(1, 'water')
(1, 'UniteFor')
(1, 'delhimetro')
(1, 'businessDevelpment')
(1, 'Half')
(1, 'latestfashion')
(1, 'Patia')
(1, 'career')
(1, 'LowIQSanghis')
(1, 'Mami2017')
(1, 'instagramer')
(1, 'IaaS')
(1, 'BSNLDay')
(1, 'BharatSwabhiman')
(1, 'weflywithyou')
(1, 'FoneCafeDeGoa')
(1, 'farmhousestyle')
(1, 'MambalamWest')
(1, 'Family')
(1, 'ContestGram')
(1, 'motorcycle')
(1, 'waterscape')
(1, 'امریکا')
(1, 'BAS')
(1, 'race3')
(1, 'authenticpizzas')
(1, 'floodinIndia')
(1, 'optimism')
(1, 'thebeardedgentlemenblog')
(1, 'travelblog')
(1, 'aravali')
(1, 'dxdrum')
(1, 'Mumbai2017')
(1, 'MalaikaAroraKhan')
(1, 'vjdoak')
(1, 'BHUNGROO')
(1, 'Vivegam50days')
(1, 'Controversy')
(1, 'SriHarimandirSahib')
(1, 'LearnToEarn')
(1, 'SEM')
(1, 'Selvaraghavan')
(1, 'sun')
(1, 'Vivegam')
(1, 'Kaama')
(1, 'TeamSareAam')
(1, 'ThankGod')
(1, 'techMahindra')
(1, 'Skateboarding')
(1, 'instamalayali')
(1, 'phoneographic')
(1, 'pujaseason2017')
(1, 'RajeshandNupurTalwar')
(1, 'october')
(1, 'AmarSingh')
(1, 'blogger')
(1, 'Harmony')
(1, 'बक')
(1, 'Bogadi')
(1, 'AllahabadHC')
(1, 'digitalpayment')
(1, 'glass')
(1, 'ஆரவ')
(1, 'adultdaycarecenter')
(1, 'ArushiTalvar')
(1, 'Bosch')
(1, 'supermarket')
(1, 'nokia8')
(1, 'دیورند')
(1, 'बकर')
(1, 'yourquote')
(1, 'positivevibes')
(1, 'punjabisbreaktheinternet')
(1, 'jet')
(1, 'Eurotouch')
(1, 'instavideo')
(1, 'DeepDiveWorkshop')
(1, 'rape')
(1, 'Burger')
(1, 'Tarak')
(1, 'Video')
(1, 'जय')
(1, 'saveNITAPstudents')
(1, 'New_India')
(1, 'hiphop')
(1, 'krishna')
(1, 'Jack')
(1, 'WC2003')
(1, 'Home')
(1, 'OHRC')
(1, 'Global')
(1, 'best')
(1, 'WeLoveYouRamCharan')
(1, 'ritzclassic')
(1, 'jio')
(1, 'poetic')
(1, 'gourmetpizza')
(1, 'hairstyles')
(1, 'ฟ')
(1, 'corporate')
(1, 'uwp')
(1, 'RMNCH')
(1, 'DiwaliCrackerBan')
(1, 'momentumcontinues')
(1, 'AmaJaneDo')
(1, 'WomenKickAss')
(1, 'Gajuwaka')
(1, '10YearsofIIMShillong')
(1, 'digitalmarketing')
(1, 'AllahabadHighCourt')
(1, 'cloudyday')
(1, 'Sony')
(1, 'AIIMS')
(1, 'kottayam')
(1, 'RajaTheGreat')
(1, 'newlook')
(1, 'Dwarkapuri')
(1, 'गल')
(1, 'NA2')
(1, 'StayTuned')
(1, 'chandrababunaidu')
(1, 'RajarajeshwariNagarStage5')
(1, 'Free')
(1, 'WebDevelopmentCompany')
(1, 'Samantaral')
(1, 'RamManoharLohia')
(1, 'ठ')
(1, 'RightToHealth')
(1, 'SupplyChain')
(1, 'PHP')
(1, 'KIND')
(1, 'feminism')
(1, 'religion')
(1, '2017')
(1, 'ladai')
(1, 'insightful')
(1, 'delhi')
(1, 'AnimalRights')
(1, 'chennaimodels')
(1, 'heartwarming')
(1, 'organizors')
(1, '126th')
(1, 'dailyhealthytips')
(1, 'ASEAN')
(1, 'Banthra')
(1, 'Vehicle')
(1, 'NoShaveNovember')
(1, 'IslandPeak')
(1, 'SuitUpToAllergy')
(1, 'Afternoon')
(1, 'Predix')
(1, 'writerslife')
(1, 'Rock')
(1, 'tajmahal')
(1, 'gogoa')
(1, 'premium_catering')
(1, 'Dinamalar')
(1, 'cultureshock')
(1, 'statue')
(1, 'RIL')
(1, 'candid')
(1, 'compassion')
(1, 'FranckMuller')
(1, 'KARACHI')
(1, 'gifts')
(1, 'Haryana')
(1, 'pleasesavedelhi')
(1, 'PLEASE')
(1, 'Bothie')
(1, 'metal')
(1, 'rental')
(1, 'subway')
(1, 'Aamirkhan')
(1, 'Entrepreneurs')
(1, 'readytogo')
(1, 'CRVS')
(1, 'die')
(1, 'StylishPen')
(1, 'yellow')
(1, 'kidsstagram')
(1, 'Digital')
(1, 'TempleRun')
(1, 'continental')
(1, 'KJo')
(1, 'kidsphotography')
(1, 'Comeongirls')
(1, 'CG')
(1, 'HaYa')
(1, 'Critical')
(1, 'gohyperriding')
(1, 'profile')
(1, 'FSDA')
(1, 'NationalComingOutDay')
(1, 'AMITABHBACCHAN')
(1, 'photoshop')
(1, 'TwinTurbo')
(1, 'NxtPlz')
(1, 'FTII_chairman')
(1, 'WorldArthritisDay')
(1, 'GDCR')
(1, 'Lanzhou')
(1, 'AIADMK')
(1, 'vscogrid')
(1, 'Minorities')
(1, 'BTS100M')
(1, 'projects')
(1, 'SAPLumira')
(1, 'everydayeverywhere')
(1, 'give')
(1, 'Innovation')
(1, 'peace')
(1, 'silver')
(1, 'PPP')
(1, 'Kuriachira')
(1, 'ECP')
(1, 'فراه')
(1, 'Danapur')
(1, 'studyoverseas')
(1, 'Entertainer')
(1, 'Technopark')
(1, 'Agriculture')
(1, 'TheLalitNewDelhi')
(1, 'ZubairKhan')
(1, 'theydontneedrescuing')
(1, 'routinelife')
(1, 'indianeconomy')
(1, 'HyderabadRains2017')
(1, 'BurningBrownie')
(1, 'dhaka')
(1, 'LovingIt')
(1, 'Jalahalli')
(1, 'harleydavidsonindia')
(1, 'home')
(1, 'signaturedesign')
(1, 'banner')
(1, 'Laminates')
(1, 'kidsgram')
(1, 'foodpic')
(1, 'KandivaliWest')
(1, 'మ')
(1, 'TMC')
(1, 'flyer')
(1, 'KravmagaMumbai')
(1, 'Crush')
(1, 'pole')
(1, 'Adidas')
(1, '6BHK')
(1, 'awardnight')
(1, 'funnyclickzz')
(1, 'آزادی')
(1, 'TeluguFullScreen')
(1, 'nike')
(1, 'traveler')
(1, 'busienss')
(1, 'arushiverdict')
(1, 'VishalDiaries')
(1, 'Cybersecurity')
(1, 'JanKiBaat')
(1, 'DholeraSir')
(1, 'Future')
(1, 'Auditor')
(1, 'VR')
(1, 'daySlot')
(1, 'Ideas')
(1, 'IconicLandmark')
(1, 'geophysical')
(1, 'yummy')
(1, 'GlobalWarming')
(1, 'arch')
(1, 'Physicsbyfiziks')
(1, 'SeeTheSigns')
(1, 'अश')
(1, 'DabbooRatnani')
(1, 'QED')
(1, 'ISRO')
(1, 'columns')
(1, 'BURN')
(1, 'BullishPrashantJain')
(1, 'REPUBLIC')
(1, 'University')
(1, 'biggbosskipanchat')
(1, 'apps')
(1, 'gmail')
(1, 'SriLaknka')
(1, 'Waraje')
(1, 'RajpalSinghShekhawat')
(1, 'HeartBroken')
(1, 'Bibinagar')
(1, 'Learn')
(1, 'StarIdeaTalk')
(1, '네팔')
(1, 'Sellurraju')
(1, 'escape')
(1, 'nazeerfoods')
(1, 'Aligarh')
(1, 'funnyfight')
(1, 'jallikattu')
(1, 'Illicit')
(1, 'market')
(1, 'lens_rental_Bangalore')
(1, 'Hanoi')
(1, 'Nagarjuna')
(1, 'tribute')
(1, 'posterdesign')
(1, 'AmazonIndia')
(1, 'Neil')
(1, 'AnushkaSharma')
(1, 'friendship')
(1, '3_idiots')
(1, 'governmentdoctor')
(1, 'WorkInProgress')
(1, 'photo')
(1, 'kids')
(1, 'Crushed')
(1, 'BringBackParth')
(1, 'MaximumCity')
(1, 'shameonnaveen')
(1, 'SHRolexMasters')
(1, 'arijitsingh')
(1, 'Dancer')
(1, 'chilika')
(1, 'ShivSenaForMaharashtra')
(1, 'Studio')
(1, 'desiart')
(1, 'Hollywood')
(1, 'MusicCast')
(1, 'कत')
(1, 'badquality')
(1, 'Janu')
(1, 'death')
(1, 'Chembur')
(1, 'BlockchainVizag')
(1, '4DaysToGo')
(1, 'FutureAgriTech')
(1, 'Peace')
(1, 'upcoming')
(1, 'પયગમ')
(1, 'CBI')
(1, 'hamass')
(1, 'Philosophy')
(1, 'trendsetter')
(1, 'pastry')
(1, 'Hadoop')
(1, 'salute')
(1, 'makeupindustry')
(1, 'roar')
(1, 'acoustic')
(1, 'weheartit')
(1, 'illustration')
(1, 'NorthGoa')
(1, 'RammanoharLohia')
(1, 'CLcares')
(1, 'RangBadaltiOdhni')
(1, 'IndianFootballTeam')
(1, 'flood')
(1, 'DadarWest')
(1, 'kamalahaasan')
(1, 'coworking')
(1, 'LuckyOne')
(1, 'up')
(1, 'HughJackman')
(1, 'Terremoto')
(1, 'Kshatriya')
(1, 'black')
(1, 'competitors')
(1, 'बदन')
(1, 'ModifiedVerna')
(1, 'Padyatra')
(1, 'MC')
(1, 'Mehbooba')
(1, 'like4like')
(1, 'BJYM')
(1, 'Gilgit_Baltistan')
(1, 'jewellery')
(1, 'Islamabad')
(1, 'Karaoke')
(1, '34289925')
(1, 'Remedies')
(1, 'nikonholic')
(1, 'DCShoesIndia')
(1, 'History')
(1, 'instagramstory')
(1, 'healing')
(1, 'toyota')
(1, 'MaramaliNagar')
(1, 'ModiTransformsIndia')
(1, 'akshara')
(1, 'cleanenergy')
(1, 'Dayanandsagar')
(1, 'moon')
(1, 'TweetforASeat')
(1, 'Wälder')
(1, 'study')
(1, 'fail')
(1, 'VijayAntony')
(1, 'rapbattle')
(1, 'عباس')
(1, '10YearsForTulasi')
(1, 'DiwaliMerchandise')
(1, 'सन')
(1, 'IppadaiVellum')
(1, 'bengali')
(1, 'KeshtoPur')
(1, 'Religious')
(1, 'myanmar')
(1, 'Titwala')
(1, 'shetrades')
(1, 'header')
(1, 'Codec')
(1, 'ThalapathyVijay')
(1, 'FuturesBright')
(1, 'ImranKhan')
(1, 'AllIndiaCongress')
(1, 'IncreasedRevenue')
(1, 'Panchlait')
(1, 'hairtransplants')
(1, 'github')
(1, 'treatment')
(1, 'emailsignature')
(1, 'visits')
(1, 'DJLife')
(1, 'Shamitabh')
(1, 'infrastructure')
(1, 'jaijaishankar')
(1, 'Modified')
(1, 'HER')
(1, 'Trust')
(1, 'WheatGerm')
(1, 'packages')
(1, 'Makeup')
(1, 'Waghala')
(1, 'Nareshit')
(1, 'LoveToCook')
(1, 'waterbaby')
(1, 'HighTech')
(1, 'Berhampur')
(1, 'bhutanesefood')
(1, 'shortstory')
(1, 'foodislife')
(1, 'छत')
(1, 'Bengalurutraffic')
(1, 'WebDesignCourse')
(1, 'Odia')
(1, 'MobileSecurity')
(1, 'HeyPillagada')
(1, 'Car')
(1, 'Dushra')
(1, '2018')
(1, 'TheFlash')
(1, 'guitarist')
(1, 'TheUnionVashi')
(1, 'adaytoremember')
(1, 'Builder')
(1, 'WorkinProgress')
(1, 'airlines')
(1, 'Ontario')
(1, 'wineday')
(1, 'Day02')
(1, 'IndianFashionBlogger')
(1, 'Hmm')
(1, 'Franchise')
(1, 'thankafarmer')
(1, 'CheapAdvervtz')
(1, 'AlHafizServices')
(1, 'FirangiKaMotionPoster')
(1, 'Indiracanteens')
(1, 'report')
(1, 'आद')
(1, 'Peoplesleader')
(1, 'RafiSahab')
(1, 'foodstagram')
(1, 'soetrainingslaconsultants')
(1, 'Piles')
(1, 'personalstyle')
(1, 'Indifi')
(1, 'practice')
(1, 'kashmir')
(1, 'Madhavan')
(1, 'GujaratAssemblyelections')
(1, '150crForJaiLavaKusa')
(1, 'Coimbatore')
(1, 'Available')
(1, 'Ambegaon')
(1, 'Calendars')
(1, 'backchair')
(1, 'Awsome')
(1, 'travelingram')
(1, 'oldpic')
(1, 'Hope')
(1, 'digitalsignage')
(1, '16000')
(1, 'atifaslam')
(1, 'devise')
(1, 'hri')
(1, 'BNP')
(1, 'TraveLibro')
(1, 'Ashishnehraretires')
(1, 'Royalenfield')
(1, 'OldHabits')
(1, 'Shop')
(1, 'newface')
(1, 'happy')
(1, 'oneminute')
(1, 'BUZZ')
(1, 'tomato')
(1, 'therealdenim')
(1, 'htmlsigmature')
(1, 'Fortune500')
(1, 'ridiculous')
(1, 'NikonAtNust')
(1, 'Mullah')
(1, '560hp')
(1, 'BiggestDealOnEarth')
(1, 'interiordesign')
(1, 'SapnaChaudhary')
(1, 'livetraining')
(1, 'Awesome')
(1, 'Shahzada')
(1, 'rangolilove')
(1, 'BeAnEngineer')
(1, 'table')
(1, 'Bae')
(1, 'ShareMax')
(1, 'IntoTheDead')
(1, 'bike')
(1, 'followgram')
(1, 'respect')
(1, 'Messi')
(1, 'Beeramguda')
(1, 'MotivationalQuotes')
(1, 'Anchor')
(1, 'godowncrew')
(1, 'punjab')
(1, 'regrann')
(1, 'Game')
(1, 'boxes')
(1, '4BHK')
(1, '6DaysToGo')
(1, 'birmania')
(1, '1year')
(1, 'StarWars')
(1, 'Yangon')
(1, 'ashblonde')
(1, 'Koko')
(1, 'justice')
(1, 'wardha')
(1, 'Chintadripet')
(1, 'NewWaveAsia')
(1, 'poser')
(1, 'heat')
(1, 'jitusavlaniphotography')
(1, 'digitalsolutions')
(1, 'tennis')
(1, 'BigJiooffer')
(1, 'banks')
(1, 'footballers')
(1, 'CelebrityCricketLeague')
(1, 'Andhra')
(1, 'letgo')
(1, 'VAT')
(1, 'gilgit')
(1, 'orrisa')
(1, 'Velaikkaran')
(1, 'latur')
(1, 'satire')
(1, 'FordEcoSport')
(1, 'AirPollution')
(1, 'T')
(1, 'coffeefrappe')
(1, 'MadetoOrder')
(1, 'shootononeplus')
(1, 'TrainHardPlayEasy')
(1, 'babujithodasambhalke')
(1, 'naralokesh')
(1, 'coffee')
(1, 'AllIsWell')
(1, 'Talwar')
(1, 'haircolour')
(1, 'TETPassBEd')
(1, 'Investment')
(1, 'Poicha')
(1, 'Wardrobes')
(1, 'ExoticEscape')
(1, 'Prediwalisale')
(1, 'baot')
(1, 'events')
(1, 'GovindNagar')
(1, 'HelloIndia')
(1, 'veganfoodporn')
(1, 'WorldMentalHealthDay')
(1, 'Sweets')
(1, 'eatright')
(1, 'melodicmetal')
(1, 'you')
(1, 'whitecoffee')
(1, 'ShaliniPandey')
(1, '여행')
(1, 'fitfood')
(1, 'ERPNextConf17')
(1, 'pilot')
(1, 'mlp')
(1, 'OPSinDelhi')
(1, 'breaktime')
(1, 'todays')
(1, 'cloutgang')
(1, 'arc')
(1, 'teachforlife')
(1, 'andaman')
(1, 'SUV')
(1, 'oneplus3t')
(1, 'bacardihouseparty')
(1, 'LGBTI')
(1, 'Haldiram')
(1, 'chandigarh')
(1, 'investing')
(1, 'People')
(1, 'RevolutionInIndianPolitics')
(1, 'socialmediamarketing')
(1, 'spotifyindia')
(1, 'Bahaullah200')
(1, 'aviation')
(1, 'Hessen')
(1, 'my')
(1, 'warwithmum')
(1, 'teamiphone')
(1, 'ElectionCommission')
(1, 'CharringCross')
(1, 'chaisam')
(1, 'Swimming_Pool')
(1, 'JollyLLb')
(1, 'hidescar')
(1, 'PrettyLittleLiars')
(1, 'DhaadiRockstar')
(1, 'JayAmitShah')
(1, 'js008')
(1, 'jwtchennai')
(1, 'огород')
(1, 'erupting')
(1, 'strategy')
(1, 'UniversalWindowsProgramming')
(1, 'Counterfeits')
(1, 'snapseed')
(1, 'Villu')
(1, 'Mpower')
(1, 'betruetoyourself')
(1, 'men')
(1, 'Goa')
(1, 'CleanAir')
(1, 'HosaRoad')
(1, 'better')
(1, 'jwt')
(1, 'lovestory')
(1, 'fact_0004')
(1, 'CongressNagar')
(1, 'Mokama')
(1, 'empower')
(1, 'CleanEnergy')
(1, 'scooti')
(1, 'slowdown')
(1, 'newindia')
(1, 'ilovecat')
(1, 'KrishnarajaPuram')
(1, 'Internet')
(1, 'Ghaziabad')
(1, 'sajje')
(1, 'ishqsharmapyarse')
(1, 'SitaKalyanam')
(1, 'ironman')
(1, 'tatacliq')
(1, 'ShrutiHaasan')
(1, 'CLMV')
(1, 'kitten')
(1, 'RTE')
(1, 'बम_फ')
(1, 'MrDineshSaran')
(1, 'MasterOfCeremonies')
(1, 'CapreseRomance')
(1, 'Biriyani')
(1, 'Oviya')
(1, 'punk')
(1, 'epicfail')
(1, 'DnABack')
(1, 'countryhome')
(1, 'DaalBati')
(1, 'Vellore')
(1, 'girl')
(1, 'DoTheNew')
(1, 'breastcancerrealitycheck')
(1, 'Bhojpuri')
(1, 'jaipur')
(1, 'skateboard')
(1, 'WengerOut')
(1, 'Arsenal')
(1, 'NH')
(1, 'TimeOut72')
(1, 'writer')
(1, 'lunch')
(1, 'tatasky')
(1, 'Ernakulam')
(1, 'SpreadLove')
(1, 'Camptech')
(1, 'porta')
(1, 'RadioCityCineAwards')
(1, 'GlobalREINVEST2017')
(1, 'OmaxeCity')
(1, 'instaindia')
(1, 'uttrakhanddairies')
(1, 'launch')
(1, 'farmers')
(1, 'ASYCUDA')
(1, 'food_inspector')
(1, 'AarPaar')
(1, 'happycrowdfilms')
(1, 'sunakhi')
(1, 'CTMFamily')
(1, 'BabaOm')
(1, 'innovative')
(1, 'Takla')
(1, 'Mickeymized')
(1, 'મ')
(1, 'Results')
(1, 'theatre')
(1, 'washroom')
(1, 'OnePlusDiwaliDash')
(1, 'Tech')
(1, 'girnar')
(1, 'veganfoodshare')
(1, 'religiousfreedom')
(1, 'clickbychance')
(1, '6DaysToGo4MersalDiwali')
(1, 'IndianOpen')
(1, 'WaterAid')
(1, 'babychakra')
(1, 'thaanaai')
(1, 'YouTube')
(1, 'Powai')
(1, 'Tarot')
(1, 'INDIATODAY')
(1, 'Saraswathipuram')
(1, 'medi')
(1, 'Hrxband')
(1, 'HarleyDavidson')
(1, 'worldwide')
(1, 'Thiruvannamalai')
(1, 'bestwishes')
(1, 'परम')
(1, 'PadmavatiTrailer')
(1, 'Gf')
(1, 'TravelTheWorld')
(1, 'smuggling')
(1, 'comfort')
(1, 'Ittefaq')
(1, 'AMSC')
(1, 'Sharifs')
(1, 'BigBreaking')
(1, 'Sector75')
(1, 'MP')
(1, 'antiquechair')
(1, 'AsiadVillage')
(1, 'pngedit')
(1, 'with')
(1, 'himalayas')
(1, 'rosapoo')
(1, 'Earthquake')
(1, 'founder')
(1, 'TheBabyBloomrs')
(1, 'highcourtallahabad')
(1, 'FAceToFace')
(1, 'Environment')
(1, 'DiwaliWith99')
(1, 'HearingSkills')
(1, 'GaliKaKuttaVikAssGupta')
(1, 'ExecutiveProgramme')
(1, 'Manusmriti')
(1, 'filmmaking')
(1, 'jrnylife')
(1, 'makeuplove')
(1, 'Softail')
(1, 'Undoubtedly')
(1, 'Hariyana')
(1, 'Desing')
(1, 'delhincr')
(1, 'imthemovement')
(1, 'BUnlimited')
(1, 'SecretRecording')
(1, '6YearswithAirtel')
(1, 'thalapathy')
(1, 'ProfessionalAppearance')
(1, 'kerala')
(1, 'doctors')
(1, 'VikasGupta')
(1, 'foodblogger')
(1, 'breastcancer')
(1, 'ClimateChange')
(1, 'whatislatesttrend')
(1, 'voice')
(1, 'Monch')
(1, 'ishma')
(1, 'Nungambakkam')
(1, 'freekamaal')
(1, 'wenger')
(1, 'constory')
(1, 'gsbr')
(1, 'nammabengaluru')
(1, 'RIP')
(1, 'RajouriGarden')
(1, 'ChooseYourLife')
(1, 'Gorakhpur')
(1, 'havemouthWillUse')
(1, 'V8')
(1, 'hardikpatel_')
(1, 'IDoItWithMyFriends')
(1, 'fitnesstraining')
(1, 'SteveWaugh')
(1, 'helpness')
(1, 'CesarPelli')
(1, 'CloudComputing')
(1, 'parking')
(1, 'KYC')
(1, 'SonalChauhan')
(1, 'moonlightproductions')
(1, 'Arjunreddy')
(1, 'RamRahim')
(1, 'onion')
(1, 'BGV')
(1, 'KirloskarLayout')
(1, '4gen')
(1, 'eternal')
(1, 'sap4good')
(1, 'beyou')
(1, 'hdriphoneographer')
(1, 'desktops')
(1, 'iOS11')
(1, 'Photographic')
(1, 'imageedit')
(1, 'Navrangpura')
(1, 'spitivalley')
(1, 'jpgedit')
(1, 'shopstemdesigns')
(1, 'DelhiKhabar')
(1, 'Baahubali')
(1, 'Multimodal')
(1, 'WSquare')
(1, '2019AFCAsianCup')
(1, 'nationalpark')
(1, 'ShashiTharoors')
(1, 'LoL')
(1, 'Bodakdev')
(1, '3daysleft')
(1, 'Kalmandapam')
(1, 'carrier')
(1, 'Rotaract50')
(1, 'España')
(1, 'Shadnagar')
(1, 'HappyBirthdaySJ')
(1, 'indiatravels')
(1, 'your')
(1, 'MegaStar')
(1, 'ElSueño')
(1, 'spiritual')
(1, 'hearts')
(1, 'sixsigma')
(1, 'Creaming')
(1, 'IMPORTANT')
(1, 'AFCAsianCup2019')
(1, 'prabhatkhabar')
(1, 'ecommerce')
(1, 'white')
(1, 'londoner')
(1, 'pehalwan')
(1, 'everydaykerala')
(1, 'bharatanatyam')
(1, 'ihgf')
(1, 'Onestopshop')
(1, 'فاطمة_المنصوري')
(1, 'JanRakshaYatra')
(1, 'Memories')
(1, 'यह')
(1, 'time')
(1, 'tweegram')
(1, 'MAMI2017')
(1, 'badass')
(1, 'Twig')
(1, 'KattanKulathur')
(1, 'Upshine')
(1, 'FirangiOnNov24')
(1, 'SwachhataHiSeva')
(1, 'birthdayspecial')
(1, 'ThaneEast')
(1, 'ok')
(1, 'fitnessmodel')
(1, 'hills')
(1, 'lovedefination')
(1, 'sridevi')
(1, 'AsifZardari')
(1, 'Happy')
(1, 'AreHindusTargeted')
(1, 'Pruthviraj')
(1, '18')
(1, 'iconictrio')
(1, 'M')
(1, 'Airtel')
(1, 'Adirinthi')
(1, 'BrandNew')
(1, 'Protection')
(1, 'BeautyBlogger')
(1, 'river')
(1, 'agritech')
(1, 'NOT')
(1, 'સ')
(1, 'Exclusively')
(1, 'Pakka')
(1, 'burncalories')
(1, 'amul')
(1, 'Kalarabanka')
(1, 'stillcantbeliveit')
(1, 'NupurandRajeshTalwar')
(1, 'asia')
(1, 'STEM')
(1, 'RealityTV')
(1, 'NiralaNagar')
(1, 'Earth')
(1, 'WIPjoy')
(1, 'thoughtworks')
(1, 'FurnitureOnlineShop')
(1, 'MyDearLisa')
(1, 'इमर')
(1, 'REDCIRCLE')
(1, 'cybersecurity')
(1, 'ન')
(1, 'CISF')
(1, 'Belapur')
(1, 'A320Neo')
(1, 'spinninrecords')
(1, 'Chitaipur')
(1, 'Writers')
(1, 'spreadhappiness')
(1, 'onset')
(1, 'California')
(1, 'HoneyPreet')
(1, 'perfomer')
(1, 'PressureDrills')
(1, 'Cavelossim')
(1, 'musicapps')
(1, 'عمران')
(1, 'cr7')
(1, 'ARMY')
(1, 'InfertilityDost')
(1, 'MyTwitterAnniversary')
(1, 'beta')
(1, 'pakvsban')
(1, 'BankofBaroda')
(1, 'losewieght')
(1, 'Indonesia')
(1, 'Jitendra')
(1, 'hotels')
(1, 'DNA100M')
(1, 'veganlife')
(1, 'HRQuotes')
(1, 'IndiaWelcomesJinder')
(1, 'Extension')
(1, 'spotify')
(1, 'SMEOutlook')
(1, 'PrettyGirlsLikeTrapMusic')
(1, 'Crackingdiwali')
(1, 'cymbals')
(1, 'privatepractise')
(1, 'ATSA')
(1, 'Coupe')
(1, 'myuttrakhand')
(1, 'BTC')
(1, 'AARTA')
(1, 'surat')
(1, 'RitabrataBanerjee')
(1, 'sunrise')
(1, 'BlackSwanAwards')
(1, 'King')
(1, 'Top')
(1, 'throwback')
(1, 'kochi')
(1, 'Panvel')
(1, 'Palanpur')
(1, 'EminemBET')
(1, 'MyDream')
(1, '여미')
(1, 'LateLateShow')
(1, 'U17WorldCup')
(1, 'आप')
(1, 'sparklingtrend')
(1, 'ESIChq')
(1, 'GodiMedia')
(1, 'ForestDepartment')
(1, 'tch4life')
(1, 'leather')
(1, 'Rajinikanth')
(1, 'BANvSA')
(1, 'AyanMukherji')
(1, 'PMModi')
(1, 'F5')
(1, 't2mumbai')
(1, 'Singanallur')
(1, 'GnanaMoorthyNagar')
(1, 'Beyhadh')
(1, 'actors')
(1, 'Remarkable')
(1, 'Trivia')
(1, 'Insights')
(1, 'god')
(1, 'الروهينغا')
(1, 'Nayagarh')
(1, 'Leadership')
(1, 'FilthySmelling')
(1, 'Diljitdosanjh')
(1, 'place')
(1, 'EminemCypher')
(1, 'hyderabaddiaries')
(1, 'FFS')
(1, 'HarveyWeinsten')
(1, 'antaraantara')
(1, 'LatePost')
(1, 'OmOpticals')
(1, 'MadeInIndia')
(1, 'UNICEF')
(1, 'RashidAli')
(1, 'hypocrite')
(1, 'FreeEntry')
(1, 'Goadiary')
(1, 'ACCIDENTS')
(1, 'workplaces')
(1, 'Shopping')
(1, 'BajajFinance')
(1, 'Tokyo')
(1, 'cookandbakeacademy')
(1, 'BanOnCrackers')
(1, 'Honeymoontour')
(1, 'NayaMP')
(1, 'changes')
(1, 'ctu')
(1, 'tchforlife')
(1, 'Optimism')
(1, 'FamilySupport')
(1, 'patanjalibusiness')
(1, 'Celebration')
(1, 'animalfeed')
(1, 'Seeonk')
(1, 'kreativemommy')
(1, 'lookbook')
(1, 'TIMESNOW')
(1, 'FoEZindabadZindabad')
(1, 'ethnic')
(1, 'Erandwana')
(1, 'AxisBank')
(1, 'MTV')
(1, 'FleksyExtensions')
(1, 'Blindness')
(1, 'temple')
(1, 'Yehhaimostwantedmunda')
(1, 'mustread')
(1, 'IDNV2017')
(1, 'signature')
(1, 'Madangir')
(1, 'Raw')
(1, '70AICC')
(1, 'BreakingNews')
(1, 'symmetry')
(1, 'HaryanaCongress')
(1, 'yayornay')
(1, 'heartagram')
(1, 'investmentadvisor')
(1, 'biker')
(1, 'surya')
(1, 'Kaala')
(1, 'पहल')
(1, 'SpeakerS')
(1, 'FuckLife')
(1, 'GIISSingapore')
(1, 'Simbu')
(1, 'Tutorials')
(1, 'LOVED')
(1, 'NCC')
(1, 'SelfExamineToday')
(1, 'KravMaga')
(1, '31')
(1, 'motivation')
(1, 'curruptBJP')
(1, 'FightforyourRight')
(1, 'blossom')
(1, 'अट')
(1, 'Nerul')
(1, 'Wiederaufforstung')
(1, 'mohsmushkil')
(1, 'Rammandir')
(1, 'KeralaSolarScam')
(1, 'Internship')
(1, 'getwinked')
(1, 'musicfestival')
(1, 'IndianRailways')
(1, 'italian')
(1, 'Bhowali')
(1, 'bosch')
(1, 'BRV')
(1, 'wheatgrass')
(1, 'AkshayaMohanty')
(1, 'Misrod')
(1, 'illicittrade')
(1, 'Dasara')
(1, 'EricaFernandes')
(1, 'follow_me')
(1, 'gauravrishi')
(1, 'mynewlook')
(1, 'QEA17')
(1, 'DiscountedPrice')
(1, 'Videos')
(1, 'ICF2017')
(1, 'Sofa')
(1, 'Chhattisgarh')
(1, 'webdevelopement')
(1, 'bpisl')
(1, 'Ganjam')
(1, 'SahastraDharaRoad')
(1, 'iamEmbassySprings')
(1, 'vedic')
(1, 'VideoMarketing')
(1, 'TCSQ2')
(1, 'csia')
(1, 'funatwork')
(1, 'tea')
(1, 'AmitabhBachchan')
(1, 'willowwrenraj')
(1, 'FriendsMeetup')
(1, 'grandpa')
(1, 'Best')
(1, 'discriminate')
(1, 'Luvtyagi')
(1, 'Birthdaywishes')
(1, 'episode')
(1, 'inclusive')
(1, '1DDrive')
(1, 'Truth')
(1, 'Tirunelveli')
(1, 'Roma')
(1, 'pakistanfood')
(1, 'Jalukbari')
(1, 'Nexus5X')
(1, 'worstcoustomercare')
(1, 'gonnarain')
(1, 'MyCleanAssam')
(1, 'SonsOfSardaar')
(1, 'instashare')
(1, 'ल')
(1, 'OneCountryOneLaw')
(1, 'goechala')
(1, 'instadhaka')
(1, 'BBDBagh')
(1, 'Fablues')
(1, 'Avoidable')
(1, 'OREPA')
(1, 'ArshiKhan')
(1, 'Parali')
(1, 'media')
(1, 'sneha')
(1, 'tpm')
(1, 'RangaReddy')
(1, 'AICC')
(1, 'drumming')
(1, 'ExpertAdvice')
(1, 'shotononeplus')
(1, 'Godown')
(1, 'SPECIAL')
(1, 'office')
(1, 'gujarat')
(1, 'history')
(1, 'MSNarayana')
(1, 'Treatment')
(1, 'festivalmakeup')
(1, 'PRECIOUS')
(1, 'tfpc')
(1, 'Palarivattom')
(1, 'TheStage3')
(1, 'MUMBAI')
(1, 'pmot')
(1, 'Chitral')
(1, 'AshramRoad')
(1, 'Xining')
(1, 'Telugu')
(1, 'Hanmade')
(1, 'IndvGha')
(1, 'outstanding')
(1, 'tnwindiatravel')
(1, 'Metro3')
(1, 'Kompalli')
(1, 'greens')
(1, 'ShraddhaSrinath')
(1, 'Varanasi')
(1, 'ACA')
(1, 'Approachwithcare')
(1, 'IAF')
(1, 'grahamfink')
(1, 'yum')
(1, 'stereotypical')
(1, 'blog')
(1, 'StartInvestingInMF')
(1, 'dominor400')
(1, 'Media')
(1, 'sources')
(1, 'kaurb')
(1, 'HighCourt')
(1, 'Poll')
(1, 'sales')
(1, 'Emcee')
(1, 'Offers')
(1, 'vivegam')
(1, 'whencoffeeislife')
(1, 'Ahmadis')
(1, '5s')
(1, 'oil')
(1, 'e24')
(1, 'HD')
(1, 'lyrics')
(1, 'AMA')
(1, 'Scopus')
(1, 'ThankYou')
(1, 'IndusHealthPlus')
(1, 'viewcatcher')
(1, 'mascarade2017')
(1, 'Beer')
(1, 'SEOBenefit')
(1, 'drinks')
(1, 'kolkata')
(1, 'RKSK')
(1, 'ABVPDAMAN')
(1, 'IndustrialPlot')
(1, 'CivilLines')
(1, 'YoYo')
(1, 'MannKiBaat')
(1, 'terrorist')
(1, 'iree')
(1, 'Bigdata')
(1, 'goarivermarathon')
(1, 'ArsenalInBengaluru')
(1, 'lunatic')
(1, 'SoundCloud')
(1, 'ModiFails')
(1, 'dao_beenthere')
(1, 'CustomFurniture')
(1, 'IIMShillong')
(1, 'np')
(1, 'salesforcebasecamp')
(1, 'FCRoad')
(1, 'MozLove')
(1, 'JIMIN')
(1, 'NCSAM')
(1, 'non_eatable')
(1, 'onlineshop')
(1, 'MissingWord')
(1, 'aidshep')
(1, 'jadhua')
(1, 'partyready')
(1, 'blogs')
(1, 'UpStart')
(1, 'PCC')
(1, 'CCL')
(1, 'designyatra')
(1, 'BeyondTheDreamGirl')
(1, 'Insane')
(1, 'Sector127')
(1, 'Refund')
(1, 'NerulSector50')
(1, 'Bangladesh')
(1, 'DIWALI')
(1, 'OruPakkaKathai')
(1, 'TeamIndia')
(1, 'Galatta')
(1, 'beyourself')
(1, 'आसम')
(1, 'crackerfreediwali')
(1, 'Brahmastra')
(1, 'abhiyan')
(1, 'independentdirectors')
(1, 'Musician')
(1, 'MakeVisionCount')
(1, '2Days2GO')
(1, 'tourism')
(1, 'NU')
(1, 'Travel')
(1, 'yeteragharyemeraghar')
(1, 'season')
(1, 'biggboss11')
(1, 'emptyhanddiwali')
(1, 'wheregreatmindsgather')
(1, 'rights')
(1, 'Happydiwali')
(1, 'Phulnakhara')
(1, 'blueskies')
(1, 'SRKPREITY')
(1, 'Godrejcinthol')
(1, 'Bee')
(1, 'AscheAbarShabor')
(1, 'concert')
(1, 'Tips')
(1, 'highways')
(1, 'EffectiveTeam')
(1, 'MobileApplicationDevelopment')
(1, 'IndustrialBuilding')
(1, 'dao')
(1, 'DelhiNCR')
(1, 'Adirindhi')
(1, 'Hamburg')
(1, 'Sector39')
(1, 'Q2Earnings')
(1, 'foodholic')
(1, 'EngineeringTerms')
(1, 'Guwahati')
(1, 'aim2ain')
(1, 'moustache')
(1, 'CapreseGirl')
(1, 'incridibleuttrakhand')
(1, 'INTM3')
(1, 'ModernDayMaharaja')
(1, 'Womens')
(1, 'justsaying')
(1, 'code')
(1, 'Kaghanvalley')
(1, 'OdiaSingingLegend')
(1, 'sis')
(1, 'Lohia')
(1, 'Soldier')
(1, 'FKPoll')
(1, 'Janakpuri')
(1, 'throwbackthursday')
(1, 'OldPadaraRoad')
(1, 'globetrotter')
(1, 'DelhiPollution')
(1, 'Bremen')
(1, 'RakhineState')
(1, 'followed')
(1, 'Sing')
(1, 'vj')
(1, 'BTM')
(1, 'Delpotro')
(1, 'career_shit')
(1, 'vipassana')
(1, 'MonstrousMalgovernance')
(1, 'NaturePhotography')
(1, 'editors')
(1, 'Filmytune')
(1, 'lifequotes')
(1, 'sadavarthi')
(1, 'government')
(1, 'parents')
(1, 'vacation')
(1, '100TPC')
(1, 'TelenorEasyCardPlus')
(1, 'AntiSmoking')
(1, 'notexpected')
(1, 'AsiaCup2017')
(1, 'LavaKusha')
(1, 'Mazeh')
(1, 'kitty')
(1, 'kitchen')
(1, 'TigerZindaHai')
(1, 'easterncentral')
(1, 'fitness')
(1, 'BucketList')
(1, 'غلامی')
(1, 'package')
(1, 'WBSDubai')
(1, 'Vivegamgirl')
(1, 'Wolverine')
(1, 'Vitamins')
(1, 'jetairways')
(1, 'NA4')
(1, 'quake')
(1, 'CP_DILLI')
(1, 'BusinessMgmt')
(1, 'photoediting')
(1, 'funkycreatives')
(1, 'selflove')
(1, 'SmogProtesters')
(1, 'ESICUDC')
(1, 'ourfuture')
(1, 'GoGirls')
(1, 'AI')
(1, 'GUVNLCMPNYCNG')
(1, 'Entrepreneurship')
(1, 'STravelandFood')
(1, 'Murbad')
(1, '여행사진')
(1, 'heals')
(1, 'Mudda')
(1, 'PutVisionFirst')
(1, 'Goal5')
(1, 'relationship')
(1, 'entrepreneurs')
(1, 'FATA')
(1, 'capturing')
(1, 'tfl18')
(1, 'vishaltrips')
(1, '11')
(1, 'TheGreatIndianLaughterChallenge')
(1, 'thehumblelife')
(1, 'poverty')
(1, 'dreams')
(1, 'travelmakemehappy')
(1, 'MahatmaGandhi')
(1, 'PriyankSharma')
(1, 'dialysis')
(1, 'vscocam')
(1, 'Survlilance')
(1, 'SPM_Mirror')
(1, 'KIOCL')
(1, 'culturalheritage')
(1, 'danaerystargaryen')
(1, 'jamshedpur')
(1, 'GodrejBavdhan')
(1, '2sided')
(1, 'ऊर')
(1, 'Trains')
(1, 'Govt')
(1, 'railways')
(1, 'shipashinde')
(1, 'Big')
(1, 'ElevatingToANEWFacet')
(1, 'hindu')
(1, 'Quora')
(1, 'kaizen')
(1, 'WomenOne')
(1, 'burningfat')
(1, 'Tinsukia')
(1, 'AndhraPradesh')
(1, 'Vasai')
(1, 'ExpectWorse')
(1, 'friendsforever')
(1, 'Bidadi')
(1, 'ootdfashion')
(1, 'MiddleEast')
(1, 'School')
(1, 'poster')
(1, 'jsagar')
(1, '北京大学')
(1, 'noghamand')
(1, 'experttrainer')
(1, 'TNGovt')
(1, 'WxTweeter')
(1, 'slecc')
(1, 'French')
(1, 'Inkmonk')
(1, 'Deliberation')
(1, 'trekking')
(1, 'Visa')
(1, 'WithNeeyamo')
(1, 'AnushaDandekar')
(1, 'tuthbrush')
(1, 'mndbuddhi')
(1, 'Veerashaiva')
(1, 'special')
(1, 'Mahal')
(1, 'to')
(1, 'Agency')
(1, 'skyline')
(1, 'Asansol')
(1, 'offer')
(1, 'instakids')
(1, 'shradpawar')
(1, 'AskAppknox')
(1, 'thelatelateshow')
(1, 'Hunger')
(1, 'HomeCleaningBeforeDiwali2017')
(1, 'Seller')
(1, 'udaan')
(1, 'Bandra')
(1, 'ஊழ')
(1, 'arshikhan')
(1, 'ssspkd')
(1, 'ChhatisgarhCulturalDance')
(1, 'Website')
(1, 'य')
(1, 'ladakh')
(1, 'Respect')
(1, 'IGST')
(1, 'PatialaRoad')
(1, 'beautyoverloded')
(1, 'future')
(1, 'Deals')
(1, 'FactoftheDay')
(1, 'skylerktravelsofficial')
(1, 'FarmHouse')
(1, 'कश')
(1, 'beautifuljaipur')
(1, 'victimcard')
(1, 'कमळ')
(1, 'BusinessCenter')
(1, 'Nimir')
(1, 'igers')
(1, 'brunch')
(1, 'blackcoffee')
(1, 'Toronto')
(1, 'Thinking')
(1, 'handmade')
(1, 'SeniorAdvocates')
(1, 'Skechers')
(1, 'Manali')
(1, 'Quantico3')
(1, 'bajajindia')
(1, 'LR')
(1, 'BigBadWolf')
(1, 'DLFCityPhaseII')
(1, 'server')
(1, 'Zerohunger')
(1, 'FunnyMomment')
(1, 'vegan')
(1, 'corporategovernance')
(1, 'Aman')
(1, 'NoStruggle')
(1, 'weekend')
(1, 'PrettyNasty')
